{
  "accuracy": 0.872255489021956,
  "f1": 0.14666666666666667,
  "precision": 0.12790697674418605,
  "recall": 0.171875,
  "roc_auc": 0.7482342750533049,
  "row_count_train": 4006,
  "row_count_test": 1002,
  "fraud_count_train": 254,
  "fraud_count_test": 64,
  "classification_report": {
    "0": {
      "precision": 0.9421397379912664,
      "recall": 0.920042643923241,
      "f1-score": 0.9309600862998921,
      "support": 938.0
    },
    "1": {
      "precision": 0.12790697674418605,
      "recall": 0.171875,
      "f1-score": 0.14666666666666667,
      "support": 64.0
    },
    "accuracy": 0.872255489021956,
    "macro avg": {
      "precision": 0.5350233573677262,
      "recall": 0.5459588219616205,
      "f1-score": 0.5388133764832794,
      "support": 1002.0
    },
    "weighted avg": {
      "precision": 0.8901328550373611,
      "recall": 0.872255489021956,
      "f1-score": 0.8808654966227201,
      "support": 1002.0
    }
  }
}